{
  "backgroundColor" : {
    "alpha" : 1,
    "blue" : 0.3260642886161804,
    "green" : 0.7821666598320007,
    "id" : "419F1B7F-3545-41F1-B9FC-9F99ACAE3509",
    "index" : 0,
    "red" : 0.8911420702934265
  },
  "colors" : [
    {
      "alpha" : 1,
      "blue" : 0.1156158372759819,
      "green" : 0.7392755746841431,
      "id" : "419F1B7F-3545-41F1-B9FC-9F99ACAE3509",
      "index" : 0,
      "red" : 0.8716766238212585
    },
    {
      "alpha" : 1,
      "blue" : 0.32583555579185486,
      "green" : 0.7816545367240906,
      "id" : "49081D69-A433-4914-AD42-F93920AA511A",
      "index" : 1,
      "red" : 0.8912351131439209
    },
    {
      "alpha" : 1,
      "blue" : 0.3467755615711212,
      "green" : 0.670447826385498,
      "id" : "E5A7D638-4939-4D52-AFA8-F09187D661C9",
      "index" : 2,
      "red" : 0.7507794499397278
    }
  ],
  "imagePadding" : 100,
  "layerHeight" : 45,
  "version" : 1
}